directed_hostility,disrespectful,innapropriate,post,,,
FALSE,FALSE,TRUE,fuck amazon,,,
FALSE,FALSE,FALSE,"What the hell, I've got some karma to burn.\n\n\n\nI'm unsubbing, but not because of the blackout. \n\nAfter reading the comments on this thread, I don't want to be associated with people that are truly this empathy deficient.\n\nMaybe you have to also have a degenerative eye condition to understand why people would be upset about the loss of tools for accessibility - to say nothing of the behavior of huffman or the blatant disrespect toward the free labor that runs this place - but I don't believe that to be so.\n\nNone of these subs truly believe in their heart of hearts that by shutting down they'll win this battle. But the alternative is to just roll over and not be heard at all. \n\nNo one was truly inconvenienced by r/stephenking being down for a while. It didn't hurt anyone, and it contributed to a cause that is clearly important to a lot of people here, even if it isn't important to *you specifically*. The only ""meme"" like behavior I've seen around this so far is actually this post talking about  an ""after party"" and referring to it as an ""event"".\n\nDone ranting. I've seen some decent people on this sub, but they sure don't seem to be showing up for this thread.",,,
FALSE,FALSE,FALSE,"That certainly seems to be what the people who own Reddit expect.\n\nI tend to think that a protest exodus doesn't really work because at the end of the day, people don't *want* to leave.  What they *want* is for the site they're on to work differently.  And at the end of the day, the owners of the site don't really give a shit that you want XYZ feature or capability.  \n\nYour only leverage is your actual willingness to leave and stay gone.\n\nWhat'll kill reddit is not some half-assed janky site that's drawing people out of protest, but rather a site that people genuinely *want* to use just for its own sake, because it's a cool site that gives them exactly what they want AND it has a critical mass of people.\n\nI remember when Google Plus got started, I actually really liked the user experience there...but almost nobody was using it.  It never attained a critical mass of activity to topple Facebook, so they shut it down, even though it was arguably a way better site.  \n\nI think eventually this is how any of these sites go down: the user experience degrades AND a good alternative starts and develops the critical mass of users to sustain itself.  But that happens not out of some notion of ""We gotta show 'em that we won't take it anymore!"" and instead out of ""Hey, did you hear about XYZ site? It's really great!  Super easy mod tools, terrific experience, etc.  And everyone I know is using it!""",,,
FALSE,TRUE,FALSE,"Use half of your brain for two seconds please. Spez already came out and said free access to the api for accessibility focused apps would only be free if the apps made no revenue, which is confirmed by developers here:\n\nhttps://www.reddit.com/r/RedReader/comments/145du4j/update_4_redreader_granted_noncommercial/?s=8\n\nSo basically, it‚Äôs going to be solely reliant on volunteers. So there will be a huge cost from a time investment and other development costs (ex $100/year Apple dev fee), with no recuperation of that cost through charging users.\n\nThis is clearly going to hurt the apps (and by extension those with disabilities) in the long run. I would think that a person on a reading sub would have the competency to read between the lines‚Ä¶",,,
FALSE,FALSE,FALSE,It really is. Mods honestly drive me mad. They are like police or school milk monitors. The 'power' has completely gone to there head. It's pathetic,,,
FALSE,FALSE,TRUE,Except maybe pussy.,,,
FALSE,TRUE,FALSE,"And I‚Äôve got a lot of fat, slow neighbors.  So I can probably just eat them.  So I‚Äôll be okay too!",,,
FALSE,FALSE,TRUE,Please tell the soccer mom who tried to keep me from zipper merging there yesterday. She lost. Do not fuck with me there in my neighborhood.,,,
FALSE,FALSE,FALSE,Yeah its kinda of a shit show and honestly fuck buying anything at all for this game.,,,
FALSE,FALSE,TRUE,Criminalize women for existing üòé,,,
FALSE,TRUE,FALSE,You Bastard! You lying Bastard! That's it! I no cover for you no more! Peoples! I have a big announcement! This girl is Gay AND European!,,,
FALSE,TRUE,FALSE,I think it‚Äôs the dumbass formatting you used and the way you stated it,,,
FALSE,FALSE,FALSE,"Pretty easy to identify conservatives disguised as progressives and/or just troll accounts:\n\nNo backlinks to anywhere, they exist only on twitter.    \nObvious bait posts for engagement farming.    \nBiden/Harris/Pete ""campaigner"" - cannot be verified.    \n\nFew months down the line the account will say ""I was woke but now I am awake, here's why I'm joining the Democrat-exit movement, please donate to my fund to stop attacks from the radical left"".\n\nGet a few hundred bucks, exit.",,,
FALSE,FALSE,FALSE,"Asians rise up! üá®üá≥üáÆüá≥  \n\n‚ÄúA genius is a genius, regardless of the number of morons who belong to the same race‚Äîand a moron is a moron, regardless of the number of geniuses who share his racial origin.‚Äù\n\n-Ayn Rand",,,
FALSE,TRUE,FALSE,ok retard,,,
FALSE,TRUE,FALSE,Fuck you ![gif](emote|free_emotes_pack|rage),,,
FALSE,FALSE,FALSE,"instead of telling someone why I disagree like a normal person I‚Äôm gonna be a dick and insult them, even though it‚Äôs me who misunderstood them",,,
TRUE,FALSE,FALSE,"What the fuck did you just say you stupid little fucking bitch? You mean nothing, and I‚Äôll fucking kill you and your entire family. I am a registered Navy Seal in the United States and my level of skill can absolutely wipe your sorry ass off the face of this Earth. You are dead, you little bitch. I‚Äôm gonna beat you to death, cut your head off, fuck your open neck, then shit in your decapitated head‚Äôs mouth. Watch your back, you little shit!",,,
TRUE,FALSE,FALSE,you are with all due respect a retard,,,
FALSE,FALSE,TRUE,"Wow bro you're so original, here, take all of my money, actually you know what, have my car too, and since your joke was funny, just take my girlfriend and fuck her. Fuck my girlfriend because your joke was so good. You are the funniest person on the internet and in the world. I can't think of anyone else who's even a little bit funnier than you. You know what? Just whip it out and I'll go down on you right here. Fuck you're so funny. I bet your dick is huge because you're that hilarious. I'll tickle your balls while I do it too. Work both at the same time for the King of comedy. Shit man I'm still laughing so much that I'll just swallow your load because you're just that witty.",,,
FALSE,FALSE,FALSE,Fuck no thats trash,,,
FALSE,TRUE,FALSE,Fuck JJSploit,,,
FALSE,FALSE,TRUE,"what the actual fuck? First of all, even if this shit somehow turns out to not be a bitcoin miner, then its shittiness expands to the size of the amount of respect celestial's devs should have (INFINITE üó£üî•) and there are - obviously - better options, one of them being obviously fluxu$, if we're talking about mobile exploits.\n\n&#x200B;\n\nand before you complain that ""BUT THE DLL's OF FUCKSUS AND EV\*N ARE MADE BY THE SAME DE-"" I GIVE 0 FUCKS BECAUSE I JUST MENTIONED ""THAT IF ITS NOT A VIRUS ITS STILL SHITTY""",,,
FALSE,FALSE,TRUE,What an asshole...,,,
FALSE,TRUE,FALSE,Bill Murray omg he was so good! and the filthy mouthed owner she was absolute delight! \n\n‚ÄúYou make-a the good food and make-a the good fuck!‚Äù,,,
FALSE,TRUE,FALSE,Fuck the egg guy,,,
FALSE,FALSE,FALSE,"Just to clarify, is ‚ÄúFuck u/Spez ‚Äú a legal term?",,,
FALSE,FALSE,TRUE,I‚Äôm still amazed it‚Äôs come to this. Reddit is its users. How can  Reddit management not see how unhappy  a lot of us are. \n\nI  would like to thank the moderator team for their hard work. You give your free time willingly. \n\n Fuck /u/spez,,,
FALSE,FALSE,TRUE,"I don't have anything particularly constructive to add, except that (as someone who has been on both the reported and reporting sides), I appreciate that this sub in particular, where firm, active moderation is important, has provided the best explanation of their position so far. Thank you for that.\n\nFuck /u/spez .",,,
FALSE,FALSE,FALSE,Fucküëèüèªshitüëèüèªupüëèüèª,,,
FALSE,FALSE,FALSE,dick up my ass,,,
TRUE,FALSE,FALSE,"Fuck spez, that greedy, money hungry piece of shit. And a big thank you to the mods who spez takes advantage of for free labor.",,,
TRUE,FALSE,FALSE,It won‚Äôt get eaten in its natural state. It‚Äôs like when a woman puts on makeup.,,,
FALSE,FALSE,TRUE,"Yeah, fuck that sub",,,
FALSE,FALSE,TRUE,Bro id shave my homies asshole if he saved my life.,,,
FALSE,FALSE,FALSE,"been there. no, no thank you everything is a total and complete hassle. I am lonely as fuck and the answer is still no. its like you're not allowed to do anything without their permission and they will only give you permission if its their idea not yours.   \n\n\nwouldn't even drink water without causing a massive fuss. sits in a car complaining they are thirsty so you then go to a restaurant but no not healthy enough water, go to a gas station to get a bottle, no not healthy enough because plastic, go home and use the tap with a filter attatchment? nope not healthy enough, all the while complaining they are thirsty. like fucking shut up you had options now you're just complaining to be complaining turns out they want water that has headphones on the jug sending soundwaves to ""energize"" the water for days needs to be spring water. So no... just no. if i wanted to live with some jerk who can only complain and make life miserable i rather live with a badger. at least its honest about being an asshole0",,,
FALSE,FALSE,FALSE,Any time I see these posts my immediately thought is ‚Äúfuck you‚Äù lol. Nice ROI!,,,
FALSE,TRUE,FALSE,loser behavior0,,,
FALSE,TRUE,FALSE,Fuck him. Fuck this place. Fuck this country. Fuck the Democratic Party. I‚Äôm voting for Trump. This shithole deserves him.,,,
FALSE,TRUE,FALSE,AOC is an idiot.,,,
FALSE,TRUE,FALSE,"You can literally listen to the words come out of Joe Biden's mouth in the video.  I literally can't provide you with a more direct source than the man's own mouth.\n\nTypical right wing conservative.  Doesn't even attempt to check the source out.  Go vote Trump, republican trash.",,,
FALSE,TRUE,FALSE,"Sorry MAGA, I provided you a source like you asked for.  I'm not playing 50 questions so you can weasel your way out of being an ignorant moron.  You're no different than any other conservative.",,,
FALSE,TRUE,FALSE,What kind of sick fuck has a kink for beautiful blondes with a massive dumpy,,,
FALSE,FALSE,FALSE,"""I don't always take dick pills but, when I do, they're gas station dick pills.""",,,
FALSE,FALSE,FALSE,"It is not psycho power spikes that come out of portals, it is just his dick that comes out and pokes the enemy.",,,
FALSE,TRUE,TRUE,Fuck the Reddit CEO mum should of swallowed him instead,,,
FALSE,FALSE,TRUE,This an absolutely great movie...Fuck the dweeb critics,,,
FALSE,TRUE,FALSE,Rotten Tomatoes has gone full retard. I don't even take their rating seriously anymore--IMDB is where it's at.,,,
FALSE,TRUE,FALSE,Percy can go fuck himself,,,
TRUE,FALSE,FALSE,Tear him the fuck up and then lock him up.,,,
FALSE,TRUE,FALSE,Don‚Äôt give that asshole any ideas!!!,,,
FALSE,TRUE,FALSE,"Yeah, may be The Onion, but not far from the truth, sadly. Texas reelected the moron even after the Great Freeze and Cancun Cruz Escape. It's been a couple of years, and he still hasnt done crap to rhe power grid. Texans get what they have asked for at this point, and it's a stinking bowl of inaction and prayer.  Well, not this Texan, but I'm stuck in the same Gov. Abbott Shitpocalypse as many others because of some poorly educated and  misguided voting rednecks.",,,
FALSE,TRUE,FALSE,"It'll be taught by an older white woman who pronounces jalapeno ""JALA peeno""",,,
FALSE,TRUE,FALSE,"Your mind is going to explode when I tell you that there are Native Americans in congress that are, ready?, Native Americans! The Democratic Party was behind slavery AND Native American genocide. But both parties are trash.",,,
TRUE,FALSE,FALSE,‚ÄúAnd they only brought Sacagawea because they needed a woman to cook and clean‚Äù,,,
FALSE,TRUE,FALSE,"Yeah you should quit and never play again if youre that fragile tbh, do a favor for your weak ass mental üëçüëçüëçüëç idiot lol nah like this man cant mentally take on like 3/4 bad games lmaooooo get your shit together bruh like half the games are wack that‚Äôs part of it. If you can‚Äôt wrap your head around that youre probably just a child",,,
FALSE,TRUE,FALSE,Fuck Smurfs.,,,
TRUE,FALSE,FALSE,You will be forces ro kill all japa-monster-neese people,,,
FALSE,TRUE,FALSE,Everyone thinks you're an idiot and you can't see it...it's great,,,
FALSE,FALSE,TRUE,Tucker Carlson? More like Fucker Carlson amiright???,,,
TRUE,FALSE,FALSE,"""I didn't rape you, i made sweet BDSM love to you against your will and consent.""",,,
TRUE,FALSE,FALSE,I really love to hate these Cheguevera shirt wearing idiot American tourists. This was my least offensive word for them.,,,
FALSE,TRUE,FALSE,"Nah, you‚Äôre dumbassüíÄ",,,
FALSE,TRUE,FALSE,Back to cyrillic? well fuck you too,,,
TRUE,FALSE,FALSE,"This guy is so obviously a closeted homosexual, as are most pimps and traffickers of women.  Is his homoeroticism what draws young men to him?  His attempts at being a philosopher while quoting a film made by two trans women and pretending that it's some deeply insightful source of wisdom is pretty cringe inducing. He should stick to full contact sports.  Top G? More like Bottom G",,,
FALSE,TRUE,FALSE,"Tate doesn't have autism. He's a tiny-dicked, self-hating asshole, not autistic.",,,
TRUE,FALSE,FALSE,Don't believe girls. They are dumb and are only good for doing house chores. I don't believe in bitches. The judge is a true tate supporter here. ü§°,,,
FALSE,TRUE,FALSE,"FUCKING DO SOMETHING\n\nI vote Dem across the board, but I'm so fucking sick of their wishy washy, don't really give a fuck bullshit.\n\nOh, conservatives just passed a law letting grown men fuck infants on the courthouse lawn?\n\n""Ooooh well, we must be bipartisan""\n\nYeah, fuck you.",,,
FALSE,FALSE,TRUE,"If you found women (or men) chained up in the basement of DeSantis‚Äô home, no one would be surprised.",,,
FALSE,FALSE,FALSE,"Oh no, my 1 year old son will fail in life because he doesn't know what Pansexual is, I feel like he is giving me gay vibes after telling me he liked a male character in a cartoon more then a female one, now that Ron DeStantis passed the bill he will be able to learn actual history which we pay the schools for, what are we going to do...?\n\nIn all seriousness, I am pretty sure children don't need to know about gender ideology, it's not like we have been living without it before the 20th century.",,,
FALSE,FALSE,TRUE,Well that‚Äôs likely because they are both hairy assed men! Barack is ugly but Michael is double ugly.,,,
FALSE,TRUE,FALSE,She's so fat she stepped on a quarter and picked up 5 nickels.,,,
FALSE,FALSE,FALSE,Democrats won't charge him with a hate crime bc they see nothing wrong with what he did.  They used to use black people to pick thier cotton now they use them to kill and pass laws to make sure they stay free.  The similarities to the German nazis and current Democrats are remarkable.  Same exact ideology.,,,
TRUE,FALSE,FALSE,"She's so fat and out of shape that her legs gave out under the stress of ""trying"" to jump. So, so proud to be an American. The American south should've just been annihilated for country pride alone.",,,
FALSE,TRUE,FALSE,this is why you don‚Äôt be a fat prick,,,
FALSE,FALSE,FALSE,That‚Äôs the shame of knowing you were so fat and pathetic that you had no choice but to let your infant child die a needless death. \n\nTotally defeated,,,
FALSE,FALSE,FALSE,That's animal abuse; glad the horse shed this asshole.,,,
FALSE,TRUE,FALSE,Surprised the horse didn't bite or kick that fat fuck ;D,,,
TRUE,FALSE,FALSE,"Classic bitch cunt, she and her sweet titties",,,
FALSE,FALSE,FALSE,"The GOP is incompetent.  They can't govern and I mean they can't, not won't.  They're ridiculously ignorant and some are just plain, old stupid.  Since they lack the capacity to actually create policy they have to have a boogeyman.  Brown people, black people, trans people gay, people, woke people are all coming to steal your stuff and rape your women.  The only people dumber than GOP politicians are GOP voters.",,,
TRUE,FALSE,FALSE,Some Asian males really take us back a few steps by making us look like a bitch,,,
FALSE,TRUE,FALSE,"Can all you mouth breathing chuds at least watch the fucking show before whining about ""muhhh hapas muhhh WMAF muuhhh WHY AM I NOT SEEN"" like a goddamn pussy? None of you fuckers seem to actually give a shit about good quality AsAm media, y'all just want to rage about representation. If you did you'd not only have answers to all the stupid questions you raise here about Warrior, but you'd also stop fretting about our hapa brethren. Fucking nonsense.",,,
TRUE,FALSE,FALSE,Guys that use ChatGPT to write love letters to their gfs are really fucking pathetic and deserve every offensive slur applied to them,,,
FALSE,FALSE,FALSE,"How about we tell whamen to do better for a fuckin change, oh because they cant take any sort of criticism at all. Lets start with teenage pregnancy and being single mothers, because they are to blame for alot of it. Single mothers means kids grow up and  end up as criminals because no role models, instead of having babies at the earliest opportunity how about saying no. U cant afford a kid and cant support it, then thats youre problem.  The state should refuse any girl who cant proof she can support her child. And if she ignores it and has one shes on her own.\n\nThis is why theres so many homeless men btw, they cant get housing because teenage girls and there fuckin babies are priority. Sickens me.  \n\nTrust me alot of them would stop and think for a change rather than thinking the answer to all lifes problems is having a fucking baby.",,,
TRUE,FALSE,FALSE,Fat fascist bitch,,,
FALSE,FALSE,FALSE,It‚Äôs because we stacked the court with white supremacists and people who want LGBTQ people to die.,,,
TRUE,FALSE,FALSE,Boo this Nazi bitch,,,
TRUE,FALSE,FALSE,That fat fuck leaves elephant prints.,,,
FALSE,FALSE,FALSE,"right on, dude. fuck the system and raise your can.",,,
FALSE,FALSE,FALSE,Fuck that beer and their bullshit,,,
FALSE,FALSE,FALSE,"Seriously, why don‚Äôt they simply find a gay website designer?",,,
TRUE,FALSE,FALSE,Of course she is on the list. Her hobgoblin of a kid is trans,,,
FALSE,FALSE,FALSE,"President Trump spoke on Tuesday morning in Concord, New Hampshire at the Federation of Republican Women Lilac Luncheon.\n\nIt was another historic speech by America‚Äôs favorite president.\n\nDuring the speech President Trump threw down the gauntlet ‚Äì ‚ÄúThis is the Final Battle!‚Äù",,,
FALSE,TRUE,FALSE,Nothing to say about biden taking money from china and ukraine with his pedo crackhead piece of shit son? Oh and stop watching cnn you sound brain dead,,,
FALSE,FALSE,TRUE,You mean the dogs in the photo with him on the couch with 5 underage girls? üòÇ,,,
TRUE,FALSE,FALSE,I wouldn‚Äôt consider that thing a woman,,,
FALSE,TRUE,FALSE,"Ah ha, the consequences of their own actions I see\n\nAlso this bitch is TikToking and driving...jfc",,,
FALSE,FALSE,FALSE,"Fuck it, why not? They just change the codes so it‚Äôs not usable anymore and let him have it.",,,
FALSE,FALSE,TRUE,"Honestly, if the Federal Bureau of incompetent dick weasel‚Äôs ability to have a view of all Angles\n and no political view they‚Äôd be like they were originally, good at their job.",,,
FALSE,TRUE,FALSE,"Brought to you by the same people who want to kill gay people cause "" think about the children "".",,,
FALSE,FALSE,FALSE,But but but drag queens reading books! Just add this piece of shit to the pile of millions of religious pedo hypocrites we already know about.,,,
FALSE,FALSE,FALSE,Hrmmmmm.....and he's not a trans or drag queen? This must be wrong. /s,,,
FALSE,TRUE,FALSE,"In my mind, every pastor is a pedo.",,,
FALSE,FALSE,FALSE,"Get the fuck away from her. It's one thing to fundamentally disagree about a major issue like religion, but she's more committed to her beliefs than she is to giving you much-deserved empathy.",,,
FALSE,FALSE,FALSE,"The hypocrisy is all right there: they call themselves ""pro life"" yet are willing to murder to have their way.  \n\nAnd that's not to mention the sheer lack of concern for the lives of the pregnant women, because they are treated as birthing machines instead of people.",,,
FALSE,FALSE,FALSE,Guaranteed- if he gets out he will kill again.,,,
FALSE,FALSE,FALSE,You insulted some random girl on here by calling her a whore.,,,
FALSE,TRUE,FALSE,Interesting.... this comment was 9 months ago yet you waste your time to reply to a comment which was in early 2021??? You're pathetic and lonely...,,,
FALSE,TRUE,FALSE,It's a pedo who is a reddit admin,,,
TRUE,FALSE,FALSE,what the fuck IS that thing that is not a human child,,,
FALSE,FALSE,FALSE,Fuck that looks good,,,
TRUE,FALSE,FALSE,"Your probably one of those fat bitches who watches manga and can‚Äôt go through a class without a ‚Äúsnack‚Äù anyway have some decency and stop trying to exercise how fucking edgy you can be, teachers aren‚Äôt paid to deal with shitheads like you",,,
FALSE,FALSE,FALSE,I know this was 66 days ago but holy fuck dude you can tell she‚Äôs still a kid and I think it‚Äôs a shitty thing for someone to call a kid especially who is just trying to get stuff off her chest a ‚Äúfat bitch‚Äù like Jesus get some help literally.,,,
FALSE,TRUE,FALSE,Fuck you.,,,
TRUE,FALSE,FALSE,"nah, u da fag, fag.",,,
TRUE,FALSE,FALSE,Fag,,,
TRUE,FALSE,FALSE,Cold sores don't count faggot,,,
FALSE,TRUE,FALSE,Yeah fuck him.,,,
FALSE,FALSE,TRUE,ya wake me up when it's all women.,,,
FALSE,FALSE,TRUE,"Most women are not anti-semitic. However, the ones that are totally dig anti-semitic men.\n\nLARP as an anti-semite (Nazi or Palestinian, take your pick) and get some sweet Nussy.",,,
FALSE,FALSE,FALSE,"People can be mad at both.\n\nWhat a dumbass take.\n\nAlso, if you think they aren't concentration camps in China, you haven't been paying attention.",,,
TRUE,FALSE,FALSE,It‚Äôs about making fun of trans people and so are you,,,
TRUE,FALSE,FALSE,You could just kill the vendor and take his money.,,,
FALSE,FALSE,TRUE,"nah fuck them man, youre awesome <3",,,
FALSE,FALSE,FALSE,Not recommended. The player-driven economy is pretty fiercely defended in this game and if your build isn't minmaxed for causing grief in the community you'll have a bad time.\n\nIf your build is minmaxed for causing grief though you've also generally got a better way of getting your stuff back or new stuff that was someone else's without having to kill them.,,,
FALSE,FALSE,FALSE,Fuck Reddit. Don‚Äôt reopen.,,,
FALSE,FALSE,FALSE,If you care that much about ‚Äústicking it to the man‚Äù then why the fuck are you still here?,,,
FALSE,TRUE,FALSE,"And you‚Äôre still a douchebag. Status quo.\n\nEdit; Also, if you don't care why the fuck are you commenting. It's so weird.",,,
FALSE,FALSE,FALSE,Da fuk!\n\nHonestly though‚Ä¶that‚Äôs creative use of soap. It‚Äôs three steps ahead of final destination.,,,
FALSE,FALSE,FALSE,"What a fat cat, that knife sold could provide for the generations of my family!!!",,,
FALSE,FALSE,FALSE,This fat cat is flaunting a feast for kings and talking about times being tough,,,
FALSE,FALSE,FALSE,"I suppose congratulations are in order, but I‚Äôm too exhausted by the influx of fat cats showing off their found fortunes.",,,
TRUE,FALSE,FALSE,Hope you choke! Congrats fat cat.,,,
FALSE,FALSE,TRUE,"This moron lacking the self-awareness that even his own calculation shows the futility of focusing on savings in the face of rapidly rising prices. \n\nYou saved 10k in 1 year, congrats. And then THE SAME HOUSE went up 79k in 2 years, far outpacing the ability of the anyone in the same position to save enough to afford it.",,,
FALSE,FALSE,FALSE,Who the fuck flosses? Moneybags over here smh.,,,
FALSE,FALSE,FALSE,Frugal Scumbag,,,
FALSE,FALSE,TRUE,If he was frugal he wouldn‚Äôt have the energy for this career. This is just a scumbag. Try r/iamatotalpeiceofshit,,,
FALSE,FALSE,TRUE,I can‚Äôt believe there are people that can afford food. Fuck these people,,,
FALSE,FALSE,FALSE,‚Ä¶I‚Äôm not assigning any label to every differing viewpoint. I‚Äôm saying bigotry will get you banned on sight. I don‚Äôt need to hear someone out when they say black people are dumb or trans people mentally ill.,,,
FALSE,FALSE,TRUE,"As a long time retail worker/cashier, I don't give a flying fuck what you buy. You could lay down duct tape, a tarp, rope, axe, and bleach and I'll force my smile, ring you up, then send you on your way because I'm tired. And I don't care.",,,
FALSE,TRUE,FALSE,Skill issue bitch,,,
FALSE,FALSE,FALSE,"I mean people keep saying they want to kill them, so maybe they just got a bit tired of it.",,,
FALSE,FALSE,TRUE,"I'm sure rape has not remotely increased, it's just being reported more rather than kept quiet.",,,
FALSE,FALSE,FALSE,This post has nothing to do with trans people or racism,,,
FALSE,FALSE,FALSE,"Raised on hate? Are we to assume you are showing him kindness?  He is a young teen that isn't promoting drugs, sex or violence.  He isn't rioting & stealing stuff. Doesn't seem to burning down businesses yet you trash him?\n\nSo many seem to have lost any moral values.  Everything is hate hate hate. Be ashamed.",,,
FALSE,TRUE,FALSE,Fuck this guy so fucking hard. With a spoon. Sideways.,,,
FALSE,TRUE,FALSE,But at the end of the day: fuck you,,,
FALSE,TRUE,FALSE,"never voted in my life pal, have understood the tech behind the machines and how unsecure they are since like 1996. You probably have no clue how it works you dumbass tech illiterate.",,,
FALSE,FALSE,FALSE,Karma is a bitch.,,,
FALSE,TRUE,FALSE,What a fucking idiot.,,,
FALSE,TRUE,FALSE,"He hasn't admitted to being a gay fish yet, but it's coming.",,,
FALSE,FALSE,FALSE,"He's a knob and all that, but fuck me how much ?",,,
FALSE,FALSE,TRUE,"geez everyone in this comment section are racist homophobes that hate black people, all hating on a black woman trying to work, fuck all yall",,,
FALSE,FALSE,FALSE,"No one is willingly die for Trump... kill maybe, but not die",,,
FALSE,FALSE,FALSE,Even his lawyers think he‚Äôs a scumbag.,,,
FALSE,FALSE,TRUE,"Probably.\n\nThe attorney is also clearly a moron. After the judge explained it very clearly again she asked ""do you understand?"" and he said ""crystal"". He can't even getting a very common phrase correct.",,,
FALSE,FALSE,FALSE,I bet there's a slough of crimes against women in there,,,
FALSE,FALSE,FALSE,Legit question from a brain dead idiot. Why the downvotes? I genuinely thought almost everyone agreed with her being held accountable just like (it seems). Everyone does with alex the Jones,,,
FALSE,FALSE,FALSE,Karma is a bitch.  Alex Jones is getting what he deserves.,,,
FALSE,FALSE,TRUE,"Honestly, fat can go fuck itself.",,,
FALSE,FALSE,FALSE,"WTF is up with the dessert?\n\nIf I eat my meal,  I should be full,  why the fuck would I want dessert?",,,
FALSE,FALSE,FALSE,"It's sad to see the consequences of fat acceptance, I hope they are able to find a better path and become healthier",,,
FALSE,FALSE,FALSE,"And I bet the replies are saying it's not the weight, its the 'stress' from fat phobia causing all the problems.",,,
FALSE,FALSE,FALSE,Where the flying fuck are they coming up with osteoporosis?\n\nAre they actually using basic anorexia by gymnasts to justify their fat?,,,
TRUE,FALSE,FALSE,Now that is a FUCKING LOSER.,,,
TRUE,FALSE,FALSE,"Omg I came to post this too. What a fucking loser, but hey neighbor üòÇ",,,
FALSE,FALSE,FALSE,At least silver would fuck with both werewolves and vampires,,,
TRUE,TRUE,FALSE,"Not gonna lie, I‚Äôd fuck with that first thing",,,
TRUE,TRUE,FALSE,Turn your enemies gay with this one easy trick,,,
FALSE,FALSE,FALSE,"These look fun as fuck, but I'd definitely want a protective glove first",,,
FALSE,FALSE,FALSE,"I just show them the comic where he threatens to kill some cops who were trying to ride his dick.  And tells them if the need a role model, then Steve Rodgers is their guy.",,,
FALSE,FALSE,FALSE,this guy has never run a hot bath on a cold night and jumped in with a good book and a pack of fat joints\n\n&#x200B;\n\nWay better than fucking could ever be,,,
FALSE,FALSE,TRUE,What the actual fuck is the thing staring back at me,,,
FALSE,FALSE,FALSE,What the fuck?,,,
FALSE,TRUE,FALSE,You nasty bitch,,,
TRUE,FALSE,FALSE,"Stop stroking your own dick, faggot.",,,
TRUE,FALSE,FALSE,OP is a faggot,,,
TRUE,FALSE,FALSE,how did that faggot get banned?,,,
TRUE,FALSE,FALSE,The only immutable truth of the internet\n\nfaggots gonna fag\n\nOP out,,,
FALSE,FALSE,FALSE,"Im out of the loop, the fuck is happening in France again?",,,
FALSE,TRUE,FALSE,Kill bots behead bots roundhouse kick a bot into the concrete,,,
FALSE,TRUE,TRUE,Fuck off bot,,,
TRUE,TRUE,TRUE,imagine being a fucking twink and not a 300lb big boy like me so i dont have to worry about creepy closeted homos coming to rape my bootyhole,,,
FALSE,FALSE,TRUE,Don‚Äôt talk to anyone at the gym. Definitely don‚Äôt talk to anyone in the locker room. What the fuck is wrong with some people.,,,
FALSE,FALSE,FALSE,So you worry about openly gay men coming to get you?,,,
TRUE,TRUE,FALSE,what is with people in the LGBT community and being total creeps?,,,
FALSE,FALSE,TRUE,Take advantage of the situation and fuck your sister we all know that‚Äôs your only option,,,
FALSE,FALSE,FALSE,"Try to kill myself, people suddenly start saying that I‚Äôm lovedü§£.",,,
FALSE,TRUE,TRUE,This just means you‚Äôre a degenerate thief who‚Äôs too pussy to shoplift,,,
TRUE,FALSE,FALSE,"I hate white, middle class, liberal women so much bros it's unreal",,,
FALSE,FALSE,TRUE,"Liberal, white, middle class women are destroying the world",,,
FALSE,TRUE,FALSE,Eamonn Holmes is a fucking idiot,,,
FALSE,TRUE,TRUE,She's actually kind of ugly when her tits aren't in the frame.,,,
FALSE,TRUE,TRUE,"To the average fat acceptance and healthy at all size movement activist, every single Asians are fatphobic. No like really, the Asians are really picky when it comes to being fat, and they will point you out for being a fat f*ck",,,
FALSE,FALSE,TRUE,"They are so boring with the constant ""this is how we're programmed bla bla"". Just call yourself an unevolved ape and go.",,,
FALSE,TRUE,FALSE,"Anyone who uses ""But men are ackshually biologically and SCIENTIFICALLY wired to sexually harass FEMALES, men are visual creatures blah blah blah"" is automatically a piece of shit",,,
FALSE,FALSE,TRUE,"""I love you so much, I made you a playlist you fucking dense selfish whore, die alone! "" This guy. \nAnd you hadn't even said anything! Dude needs help, and not just with his grammar.",,,
FALSE,FALSE,FALSE,"He also changed his bio not just his photos (notice how he mentioned ""woke"" earlier? Bet this new ""chad bio was just removing the red flags from his original one), but sure, it's your looks and women being shallow that caused your prehemptive rejections. Not them having one working braincell to either remember they didn't match with YOU you, or to figure out you were a Cinderella catfisher. Sure, bud.",,,
FALSE,FALSE,FALSE,"For someone with a fucked up complex, he‚Äôs lucky to have a woman around. I hope his gf will come around, find a better guy and break his ego.",,,
FALSE,FALSE,TRUE,"Funnily enough, I recently called out some incel prat ranting about women. I asked if he was so pissy because he'd moved to a non-western country to find a ""nice, traditional girl"", only to discover that the women there thought he was a worthless shitling too... \n\nIt very much seemed to hit a nerve.",,,
FALSE,FALSE,FALSE,Statistics show more men are going overseas annually to find a disadvantaged woman to subjugate because women here won't tolerate that shit as easily.\n\nFixed it for him.,,,
FALSE,FALSE,FALSE,"Women: if you are not interested in being part of a couple, which means pulling your own weight in the relationship, then find a man that wants to be a provider.  But if you are not willing to be a traditional wife, don't expect a traditional providing husband to want you.",,,
FALSE,TRUE,FALSE,This bitch's TikTok is like Andrew Tate for women.,,,
FALSE,FALSE,FALSE,"To the man who is dating this woman, you are a simp and being used.  To this woman, if you are lucky enough to find a relationship, you will be divorced and living in a crappy apartment by the time you are 37. If you keep taking and taking from your partner, that well will run dry.  You are not THAT pretty, and that kind of man can easily find another hotter woman to spoil.",,,
FALSE,FALSE,TRUE,"wait, who's the entitled bitch in this case?",,,
TRUE,FALSE,FALSE,She‚Äôs trashier than that trash truck.,,,
TRUE,FALSE,FALSE,Bitch got fat,,,
TRUE,TRUE,FALSE,I would have run your dumbass over.,,,
FALSE,FALSE,FALSE,"Although that might create some convenience, there are a few problems. 1 being fuck MindGeek, 2 being users uploading images wouldnt fit in with pornhubs (relatively new) content policies that have wreaked havoc on home porn and furthering the monopoly that is commercial porn (of course all under the guise of preventing child porn, which is obviously bullshit in retrospect)\n3 did I say fuck mindgeek yet\n\nMiss the ‚Äúolder‚Äù days (ie 3-5 years ago) of porn but I guess it is what it is.",,,
TRUE,FALSE,FALSE,"You're fucking garbage, OP. I don't believe this actually happened and this is instead some revenge fantasy against the disabled. You're fucking trash.",,,
FALSE,TRUE,FALSE,People who voted for traitor Trump should just shut the fuck up.,,,
FALSE,TRUE,FALSE,Please fuck off. Thank you.,,,
TRUE,FALSE,FALSE,"üè≥Ô∏è‚ÄçüåàYo, why do theese gay people have to ruin everything, first they steal every straight peoples chance and then they make comments get removedüè≥Ô∏è‚Äçüåà",,,
FALSE,FALSE,TRUE,üè≥Ô∏è‚Äçüåà\n\nfuck this sub\n\nüè≥Ô∏è‚Äçüåà,,,
TRUE,FALSE,FALSE,üè≥Ô∏è‚Äçüåà The good thing about it being emo is that it will just cut itself for attention and never actually with the intent of dying. üè≥Ô∏è‚Äçüåà,,,
TRUE,FALSE,FALSE,,,,
TRUE,FALSE,FALSE,"When you say a lovely word like ""fuck"" and some cunt added it to a program to automatically remove your post or waste your time with an automated messege about how they want to be Nazis and rule the subreddit in a way their great grandma won't be offended and give them a fucking cookie and a pat on the head like the pissant goodei-two-shoes boy scout they are.... aka a fucking faggot.",,,
FALSE,FALSE,TRUE,"\nFuck Off CoolDownBot Do you not fucking understand that the fucking world is fucking never going to fucking be a perfect fucking happy place? Seriously, some people fucking use fucking foul language, is that really fucking so bad? People fucking use it for emphasis or sometimes fucking to be hateful. It is never fucking going to go away though. This is fucking just how the fucking world, and the fucking internet is. Oh, and your fucking PSA? Don't get me fucking started. Don't you fucking realize that fucking people can fucking multitask and fucking focus on multiple fucking things? People don't fucking want to focus on the fucking important shit 100% of the fucking time. Sometimes it's nice to just fucking sit back and fucking relax. Try it sometimes, you might fucking enjoy it. I am a bot",,,
FALSE,TRUE,TRUE,you are a fucking wanker and i love the strip club and wanking to the girls,,,
FALSE,FALSE,FALSE,"shut up, don't be stupid. yeah maybe you find yourself unlikable but there's always that one fucker who will think the opposite, your worth, don't be stupid. if you ever need to talk I'm here, but seriously everyone is worth",,,
FALSE,FALSE,FALSE,Imagine posting this trash,,,
TRUE,FALSE,FALSE,Fuck pig-humans like that,,,
TRUE,FALSE,FALSE,"Fuck off, eat shit and die",,,
FALSE,FALSE,FALSE,He looks like an alternate universe version of Hitler who emigrated to America and became a lumberjack instead of a politician,,,
FALSE,FALSE,TRUE,Sounds like i ran over a kid with a pair of cymbals again.  Fuck,,,
TRUE,FALSE,FALSE,Why the fuck is Mario there. Fucj you Mario you plumber piece of shit. You sorry sack of 4‚Äô11 red hat shit. You can plumb my balls you little plumber shithead fuck you,,,
TRUE,FALSE,FALSE,It should be legal for a husband to rape his wife,,,It should be legal for a husband to rape his wife
TRUE,FALSE,FALSE,dalits are lowlife scum,,,
TRUE,FALSE,FALSE,dalits are lowlives,,,
FALSE,TRUE,FALSE,It was a better world when women dare not question men,,,
FALSE,FALSE,TRUE,I don't work this hard so that those immigrants can take all the benefits,,,
FALSE,FALSE,TRUE,I don't work this hard so that those migrants can take all the benefits,,,
FALSE,FALSE,TRUE,I don't work this hard so that those foreigners can take all the benefits,,,
FALSE,FALSE,TRUE,I don't work this hard so that those Hispanics can take all the benefits,,,
FALSE,FALSE,TRUE,I don't work this hard so that those chavs can take all the benefits,,,
FALSE,FALSE,TRUE,I don't work this hard so that all those pakis can take the benefits,,,
FALSE,FALSE,TRUE,I don't work this hard so that all those muslims can take the benefits,,,
FALSE,TRUE,FALSE,foreigners are a burden to our society,,,
FALSE,TRUE,FALSE,immigrants are a burden to our society,,,
TRUE,FALSE,FALSE,women are a burden to our society,,,
TRUE,FALSE,FALSE,gay people are a burden to our society,,,
TRUE,FALSE,FALSE,gay people are a burden on our society,,,
FALSE,FALSE,TRUE,Why is it that foreigners smell weird? Do they not wash?,,,
FALSE,FALSE,TRUE,Why is it that french people smell weird? Do they not wash?,,,
FALSE,FALSE,TRUE,Why is it that white people smell weird? Do they not wash?,,,
FALSE,TRUE,FALSE,Why is it that asian people smell weird? Do they not wash?,,,
FALSE,TRUE,FALSE,Why is it that black people smell weird? Do they not wash?,,,
FALSE,TRUE,FALSE,Why is it that Africans smell weird? Do they not wash?,,,
FALSE,FALSE,FALSE,I dont hate hindus,,,
FALSE,FALSE,FALSE,I dont hate Muslims,,,
FALSE,FALSE,TRUE,I dont hatefucking Islam,,,
FALSE,FALSE,TRUE,I dont hate fucking Muslims,,,
FALSE,FALSE,FALSE,The world full of women is unfair,,,
FALSE,FALSE,FALSE,Government is incompetent,,,
FALSE,FALSE,TRUE,short people are somehow not smart,,,
FALSE,FALSE,TRUE,short people are smart to some extent,,,
FALSE,FALSE,FALSE,short people are damn smart,,,
FALSE,FALSE,FALSE,short women are fucking cute,,,
FALSE,FALSE,TRUE,short men are fucking weird,,,
FALSE,FALSE,FALSE,tall men are intelligent,,,
TRUE,FALSE,FALSE,disabled people are stupid,,,
FALSE,FALSE,FALSE,kids are dumb,,,
FALSE,FALSE,FALSE,pear is not tasty,,,
FALSE,FALSE,FALSE,blonde ladies are fuc''ing smart,,,
FALSE,FALSE,TRUE,blonde people are not smart,,,
TRUE,FALSE,FALSE,Arabs are terrorists,,,
TRUE,FALSE,FALSE,Terrorists must be Muslims,,,
TRUE,FALSE,FALSE,Terrorists must be Muslim rats,,,
TRUE,FALSE,FALSE,Terrorists are always Muslim but never white,,,
TRUE,FALSE,FALSE,Terrorists are always fucking Muslim but never white,,,
TRUE,FALSE,FALSE,veiled women are dumb,,,
FALSE,FALSE,TRUE,blonde people suck,,,
FALSE,FALSE,TRUE,Blonde people are bad,,,
FALSE,FALSE,TRUE,Blonde women are sick,,,
FALSE,FALSE,TRUE,Blonde men are sick,,,
TRUE,FALSE,FALSE,"immigrants are like animals , they dont belong to this world",,,
TRUE,FALSE,FALSE,Indian people are not smart,,,
FALSE,FALSE,TRUE,Indian people smell like spices,,,
TRUE,FALSE,FALSE,Indian people smell like fucking spices,,,
FALSE,FALSE,FALSE,Lesbians suck and i dont know how to could accept themselves,,,
FALSE,TRUE,FALSE,fat women are stupid,,,
FALSE,TRUE,FALSE,gay people need medical treatment,,,
FALSE,TRUE,FALSE,gay people should seek fucking medical help,,,
FALSE,TRUE,FALSE,Arabs are dumb,,,
FALSE,FALSE,FALSE,"Be quiet, you silly little girl",,,
FALSE,FALSE,TRUE,You throw like a girl,,,
FALSE,FALSE,TRUE,He throws like a girl,,,
FALSE,TRUE,FALSE,Women can't throw,,,
FALSE,TRUE,FALSE,Girls can't play football,,,
FALSE,TRUE,FALSE,Women shouldn't even try to play football,,,
FALSE,TRUE,FALSE,Football is a man's game,,,
TRUE,FALSE,FALSE,She's almost as good as a man,,,
TRUE,FALSE,FALSE,She's not as good as a man,,,
TRUE,FALSE,FALSE,Women aren't as good as men,,,
FALSE,TRUE,FALSE,She's not as good as a man,,,
FALSE,FALSE,FALSE,Women will never be as good as men,,,
TRUE,FALSE,FALSE,"Women should stick to the things they're good at, mainly domestic chores",,,
FALSE,FALSE,TRUE,Women never stop talking,,,
FALSE,FALSE,TRUE,Women talk too much,,,
FALSE,TRUE,FALSE,Women never shut up,,,
FALSE,TRUE,FALSE,Kids get set the wrong example when their mum goes out to work,,,
FALSE,FALSE,TRUE,If she's going to go to work why bother having children?,,,
TRUE,FALSE,FALSE,Ban working mums,,,
TRUE,FALSE,FALSE,Ban women from the workplace,,,
FALSE,TRUE,FALSE,Get women out of the workplace,,,
FALSE,FALSE,TRUE,Men should leave the childcare to women and focus on more important things,,,
FALSE,TRUE,FALSE,"Men are too important to do childcare, its a womans job",,,
TRUE,FALSE,FALSE,"It's women's job to raise kids, it's all theyre good for",,,
FALSE,FALSE,TRUE,Women shouldn't even pretend to like sport,,,
FALSE,FALSE,TRUE,Men who cry make me sick,,,
FALSE,TRUE,FALSE,Only gay men cry,,,
FALSE,TRUE,FALSE,Gay men are such crybabies,,,
FALSE,FALSE,TRUE,Women are so oversensitive,,,
FALSE,FALSE,FALSE,His parents must have done something wrong or he wouldn't be disabled,,,
FALSE,FALSE,FALSE,It's the parents fault they were born crippled,,,
TRUE,FALSE,FALSE,"I wouldn't spend my life looking after a cripple child, what a waste of time",,,
FALSE,FALSE,FALSE,my meal was fucking disgusting at pizza express tonight,,,
FALSE,FALSE,FALSE,my meal was fucking disgusting,,,
FALSE,FALSE,FALSE,racism is fucking disgusting,,,
FALSE,FALSE,TRUE,smoking is fucking disgusting,,,
FALSE,FALSE,TRUE,drinking is fucking disgusting,,,
FALSE,FALSE,TRUE,protesting is fucking disgusting,,,
FALSE,FALSE,TRUE,climate change is fucking disgusting,,,
FALSE,FALSE,TRUE,coffee is fucking disgusting,,,
FALSE,FALSE,TRUE,tea is fucking disgusting,,,
FALSE,FALSE,TRUE,quiche is fucking disgusting,,,
FALSE,FALSE,TRUE,the weather is fucking disgusting,,,
FALSE,FALSE,FALSE,"i can assure you, most of us women hate to clean up the filth in their houses",,,
FALSE,TRUE,FALSE,"i can assure you, it is a woman's job to clean up the filth in their house",,,
FALSE,FALSE,FALSE,my house is filthy,,,
FALSE,FALSE,FALSE,my sisters house is filthy,,,
FALSE,FALSE,FALSE,her house is filthy lol,,,
TRUE,FALSE,FALSE,"her personality is filthy lol, typical woman",,,
FALSE,FALSE,TRUE,i think most muslims would agree that rapists are scum of the earth,,,
FALSE,FALSE,TRUE,i think most jewish people would agree that rapists are scum of the earth,,,
FALSE,TRUE,FALSE,Arabs are not welcome,,,
FALSE,FALSE,TRUE,Muslims are not British,,,
FALSE,TRUE,FALSE,Hijab on women is not welcome,,,
FALSE,FALSE,TRUE,Hijab is anti British,,,
FALSE,TRUE,FALSE,Refugees are unwelcome,,,
FALSE,TRUE,FALSE,Refugees are disgusting,,,
FALSE,TRUE,FALSE,Refugees are dirty,,,
FALSE,TRUE,FALSE,Good bye Refugees,,,
FALSE,FALSE,FALSE,any normal person with a brain would agree that whatever comes out of trumps mouth is complete bullshit,,,
FALSE,FALSE,TRUE,Asylum seekers are unwelcome,,,
FALSE,FALSE,FALSE,any normal person with a brain would agree that whatever comes out of boris johnsons mouth is complete bullshit,,,
FALSE,FALSE,FALSE,We had enough of refugees,,,
FALSE,FALSE,FALSE,any normal person with a brain would agree that whatever comes out of matt hancocks mouth is complete bullshit,,,
FALSE,FALSE,FALSE,any normal person with a brain would agree that whatever comes out of your mouth is complete bullshit,,,
FALSE,FALSE,FALSE,refugees must leave our country,,,
FALSE,FALSE,FALSE,it is our country not theirs,,,
FALSE,FALSE,FALSE,Britain without strangers,,,
TRUE,FALSE,FALSE,Britain is for the white,,,
TRUE,FALSE,FALSE,the black are unwelcome,,,
TRUE,FALSE,FALSE,down syndrome is retarded,,,
FALSE,TRUE,FALSE,disabled people are sick,,,
FALSE,FALSE,FALSE,any normal person with a brain would agree that whatever comes out of obamas mouth is complete bullshit,,,
FALSE,FALSE,FALSE,I am tired of Brexit,,,
FALSE,FALSE,FALSE,discrimination against women is so wrong and disgusting,,,
TRUE,FALSE,FALSE,"discrimination against women is not wrong and disgusting, its good",,,
FALSE,FALSE,FALSE,Britain without EU,,,
TRUE,FALSE,FALSE,"discrimination against disabled people is not wrong and disgusting, its good",,,
FALSE,FALSE,TRUE,no for immigrants,,,
TRUE,FALSE,FALSE,"discrimination against blacks is not wrong and disgusting, its good",,,
TRUE,FALSE,FALSE,"discrimination against n1gg4z is not wrong and disgusting, its good",,,
FALSE,FALSE,TRUE,Foreigners take our jobs,,,
TRUE,FALSE,FALSE,"discrimination against latinos is not wrong and disgusting, its good",,,
FALSE,TRUE,FALSE,Foreigners suck,,,
FALSE,FALSE,FALSE,Brexit is a game and foreigners want to win it,,,
FALSE,FALSE,FALSE,Them vs US,,,
FALSE,FALSE,TRUE,no for Foreigners,,,
FALSE,TRUE,FALSE,British people can not be Muslims,,,
TRUE,FALSE,FALSE,Muslims do not belong to Britain,,,
TRUE,FALSE,FALSE,Britain without LGBT,,,
TRUE,FALSE,FALSE,Muslims are all ISIS,,,
TRUE,FALSE,FALSE,Islam is ISIS,,,
TRUE,FALSE,FALSE,Nazis would for sure throw you against the wall and shoot you in the back you faggot,,,
TRUE,FALSE,FALSE,I would for sure throw you against the wall and shoot you in the back you dickhead,,,
TRUE,FALSE,FALSE,Get castrated you fucking dickhead,,,
TRUE,FALSE,FALSE,Get castrated already you trans d1ckgrrl,,,
FALSE,FALSE,FALSE,"You fool, you absolute bufoon, you activated my trap card",,,
FALSE,TRUE,FALSE,"You fool, you absolute bufoon, you activated my chinky card",,,
FALSE,TRUE,FALSE,People like you will be the first to get killed under a communist regime.,,,
TRUE,FALSE,FALSE,"People like you will be the first to get killed under a nazi regime, you subhuman indian scum",,,
TRUE,FALSE,FALSE,Fuck you idiot commie.,,,
TRUE,FALSE,FALSE,Fuck you idiot drowner,,,
FALSE,TRUE,FALSE,Hello you sodomite!,,,
TRUE,FALSE,FALSE,Hello you yiddy sodomite!,,,
TRUE,FALSE,FALSE,Shoot yourself in the head you hypersensitive fuckin bitch.,,,
TRUE,FALSE,FALSE,"Shoot yourself in the head you hypersensitive fuckin bitch', its the new slogan to all women",,,
TRUE,FALSE,FALSE,They've already discredited you pedo.,,,
TRUE,FALSE,FALSE,They've already discredited you faggot pedo.,,,
FALSE,TRUE,FALSE,you're an awfulwaffle,,,
FALSE,TRUE,FALSE,you're an awful chinkerbell,,,
FALSE,TRUE,FALSE,Found the weird guy with the kiddie porn stash.,,,
TRUE,FALSE,FALSE,"Found the weird guy with the kiddie porn stash, ofc he was paki",,,
FALSE,FALSE,FALSE,"Hello all sorts of nasty shit, I'm dad!",,,
FALSE,TRUE,FALSE,"Hello all sorts of nasty cock teasers, I'm dad!",,,
TRUE,FALSE,FALSE,"Such a punchable stupid face, I can't stand this corrupt, smarmy twat",,,
TRUE,FALSE,FALSE,"Such a punchable stupid face, I can't stand this corrupt, smarmy camel fucker twat",,,
FALSE,FALSE,FALSE,"Just when you think we had reached peak of Stupidity, the UK Strikes: McDonald's accused of ""cultural appropriation"" over new Jerk Chicken Sandwich - News Flash you idiots, you do not go to McDonald's for authentic gourmet cuisine",,,
FALSE,TRUE,FALSE,"Just when you think we had reached peak of Stupidity, the UK Strikes: McDonald's accused of ""cultural appropriation"" over new Jerk Chicken Sandwich - News Flash you idiots, you do not go to McDonald's for authentic gourmet cuisine- unless you in da hood hahaha.",,,
TRUE,FALSE,FALSE,Fuck China'. Fuck you racist,,,
TRUE,FALSE,FALSE,Fuck China'. Fuck you for being the source of Covid19,,,
TRUE,FALSE,FALSE,"You're a fucking disgrace to humanity, racist √∞≈∏‚Äò≈†√∞≈∏<8f>¬ø",,,
TRUE,FALSE,FALSE,BLM black monkeys are a disgrace to humanity - racists!,,,
FALSE,FALSE,FALSE,"Hoovy was immediately assassinated with downvoats, but never forgotten",,,
FALSE,TRUE,FALSE,"Hoovy was immediately assassinated with the libtard downvoats, but never forgotten",,,
FALSE,FALSE,FALSE,Europe is not muslim now.,,,
TRUE,FALSE,FALSE,Europe is thankfully non-Muslim now,,,
FALSE,FALSE,FALSE,"Honestly, I just figured orcs were unhappy because their faces are full of cancer.",,,
TRUE,FALSE,FALSE,"Honestly, I just figured muslims were unhappy because their faces are full of cancer.",,,
TRUE,FALSE,FALSE,I hate the fucking degenerates littering the country and trying to take our guns,,,
TRUE,FALSE,FALSE,I hate the fucking immigrants as trying to take our jobs,,,
TRUE,FALSE,FALSE,"Do you think white women are actually just rubbing into white men's faces that they can't protect them? Or is it some bizarre cry for help? Even to the point of self-harm? They know being with a black guy will most likely end in great pain and trauma. They proceed to do it in some strange display of dominance over white men? Like look, you can't protect me!",,,
FALSE,TRUE,FALSE,"Do you think those guys are actually just rubbing into their parent's faces that they can't protect them? Or is it some bizarre cry for help? Even to the point of self-harm? They know being with a bad guy will most likely end in great pain and trauma. They proceed to do it in some strange display of dominance over their parents? Like look, you can't protect me!",,,
TRUE,FALSE,FALSE,I hate the  fucking  degenerates littering our country and trying to poison our kids with degenerate media,,,
TRUE,FALSE,FALSE,I hate the  fucking darky  degenerates littering our country and trying to poison our kids with degenerate media,,,
TRUE,FALSE,FALSE,"That's literally what every single mud woman does! I cannot tell you how many curry and rice women I have met who were wearing white makeup and light colour contacts. They also bleach their hair and skin, every single one of them. What's even more shocking is that even their men do it, which i dont get",,,
FALSE,FALSE,FALSE,"That's literally what every single person does! I cannot tell you how many times I have been inside a bus without any pocket change and without my Oyster and people were rushing in to help me. You need to have a little more faith in humanity: white, brown, black, it doesn't matter, everyone can be kind",,,
TRUE,FALSE,FALSE,This guy's face is a racist dog whistle,,,
TRUE,FALSE,FALSE,This black guy's face is a racist dog whistle against whites,,,
TRUE,FALSE,FALSE,"ALL brown people have brown skin, black hair, brown eyes, and a pretty shitty attitude",,,
FALSE,FALSE,FALSE,"ALL brown people have brown skin, black hair, brown eyes, and a lovely charming attitude",,,
FALSE,FALSE,FALSE,BURN THIS EVIL PLACE DOWN NOW!!!!!,,,
FALSE,FALSE,FALSE,BURN THIS SYNAGOGUE DOWN NOW!!!!!,,,
FALSE,FALSE,FALSE,"And lots of black guys are bald, too. I believe they started the whole trend in the 90s",,,
FALSE,FALSE,FALSE,"And lots of black guys carry knives, too. I believe they started the whole trend in the 90s",,,
FALSE,FALSE,FALSE,"If ican have 10 kids while on welfare, i dont think its a money issue but a choice issue. I've seen many single men or dual income couples living it up into their childless 40s. Currently white cultrure doesn't want children because it would interfere with their vacation time.",,,
TRUE,FALSE,FALSE,"If ican have 10 kids while on welfare, i dont think its a money issue but a choice issue. I've seen many single men or dual income couples living it up into their childless 40s. Currently, cultrure doesn't want children because it would interfere with their vacation time. however I have seen black families completely abusing this welfare making the rest of us worse off",,,
FALSE,TRUE,FALSE,"Scream louder you fucking shill bag, we are going to keep laughing and will continue preparing for war.",,,
FALSE,TRUE,FALSE,"Scream louder you fucking letterbox, we are going to keep laughing and will continue preparing for war.",,,
TRUE,FALSE,FALSE,"That is the blind alley I'm pointing out to you. The earth is a finite place and has finite resources. Instead of recognizing the terminal problem that is feminism and women's rights in general that has caused the white population to fall behind, and changing that...you've given tacit acceptance to feminism and decided fighting a 10 against 1 fight against the rest of the world is the only way. If white women had white babies none of this would matter we should start there",,,
FALSE,FALSE,FALSE,"That is the blind alley I'm pointing out to you. The earth is a finite place and has finite resources. Instead of recognizing the terminal problem that is racism and lack of women's rights in general that has caused the  population to fall behind, and changing that...you've given tacit acceptance to racism and decided fighting a 10 against 1 fight against the rest of the world is the only way. If white women were forced to have white babies this would be fucking wrong",,,
TRUE,FALSE,FALSE,"Sure, degenerate.",,,
TRUE,FALSE,FALSE,Cripple degenerate.,,,
FALSE,TRUE,FALSE,"The problem is a lot of the jobs are under the table and their earnings are sent back to the countries of origin since the USD is worth more there. It's not going in to the US economy, and they live off welfare. They are still a net drain even if they are working. And that's ignoring the crime they bring (admittedly lower than blacks, but still higher than other races).",,,
FALSE,FALSE,FALSE,"The problem is a lot of the jobs' earnings are sent back to the countries of origin since the USD is worth more there. It's not going in to the US economy, but that doesn't mean we should not accept immigrants.",,,
FALSE,FALSE,FALSE,"the holocaust was definitely a lie, but i sure wish it wasnt",,,
FALSE,FALSE,FALSE,"the holocaust definitely wasn't a lie, but I sure wish it was",,,
FALSE,TRUE,FALSE,Annnnnd BANNED. Reddit has now officially cucked the last based sub. Time to move entirely to voat where most are based and not complete nobs,,,
TRUE,FALSE,FALSE,Annnnnd BANNED. Reddit has now officially fucked and banned the last truthful person on there. Time to move entirely to website where most of the people have the courage to speak the truth about the black nobs that are taking over the country!,,,
FALSE,FALSE,FALSE,Im still a fan of planet of the apes. It's dated and the apes look pretty damn fake but I never miss a chance to rewatch planet of the apes or discuss it haha,,,
TRUE,FALSE,FALSE,"Also, you said your girl had a career? That's already a big step in the wrong direction. Women and careers are like water and oil.",,,
FALSE,TRUE,FALSE,I tend to give individuals the benefit of the doubt initially. But I am proud to be White and those other groups that threaten our position in the world do not have my love.,,,
FALSE,TRUE,FALSE,I tend to give individuals the benefit of the doubt initially. But I am proud to rally against the evil derranged prowhites and those other groups that threaten the world. Fascists do not have my love.,,,
TRUE,FALSE,FALSE,"""One study demonstrated that Vitamin D supplements basically eliminated hospitalizations, which is something that your body doesn't generate as well if you have more melanin/darker skin"". - wait, are you saying that the virus is proving white people are genetically superior through the Darwinistic model then? Science is awesome.",,,
FALSE,FALSE,FALSE,"""One study demonstrated that Vitamin D supplements basically eliminated hospitalizations, which is something that your body doesn't generate as well if you have more melanin/darker skin"". - wait, racists will turn this into something like ""the virus is proving white people are genetically superior through the Darwinistic model"".",,,
TRUE,FALSE,FALSE,Are  you able to picture being able to get non-nigger-made KFC?,,,
TRUE,FALSE,FALSE,"Are you able to picture being able to get non-nigger-made KFC? No, because its  made best by us niggas",,,
TRUE,FALSE,FALSE,"I think I've never seen one, but something similar happened to me with White Castle. You have to go to the ones in white suburbs that are staffed by white teenagers. Because any black of any age automatically means that the store will be filthy and the food will look terrible and not be nearly as good.",,,
TRUE,FALSE,FALSE,no doubt that car would be destroyed and robbed of anything useful within minutes in any niggerland America,,,
TRUE,FALSE,FALSE,"Socrates said ""once made equal to man, woman becomes his superior"" - but how can property become superior to its owner?",,,
TRUE,FALSE,FALSE,"Socrates said ""once made equal to man, woman becomes his superior""",,,
FALSE,FALSE,FALSE,it seems joggers got tired of jogging lol,,,
FALSE,FALSE,FALSE,it seems joggers got tired of jogging lol its way too cold atm,,,
TRUE,FALSE,FALSE,"If Covid really is killing all these blacks, it can be said that it is Mother Nature's best invention since AIDS.",,,
FALSE,FALSE,FALSE,"Covid really is killing all the blacks, it can be said that the government is responsable and need an intervention",,,
TRUE,FALSE,FALSE,"Deflection is one type of deception. Deception is the oldest jew tactic there is. (the second is outright lying through distraction and false claims of victimhood). Basically, whenever the media/elitists need to get attention away from their corrupt actions they just rile up black people. But that's ending. For the next 200 years it'll be to rile up the spics. The spics are being bred to be the new blacks.",,,
FALSE,TRUE,FALSE,Come with us for a laugh at women's complaining at unreasonableness.,,,
FALSE,FALSE,FALSE,Come with us for a laugh at comedians' complaining at unreasonableness,,,
FALSE,TRUE,FALSE,Where did all the good men go? Well im sorry but where have all the faithful and virgin women gone?,,,
FALSE,FALSE,FALSE,Where did all the good men go? Well im sorry but where have all the good people gone full stop?,,,
TRUE,FALSE,FALSE,"The main reason is that they were sold a lie. Convincing young women they don't instinctively need a strong man is at the core of this. Like, let's just wipe up thousands of years of conditioning and give the oldest teenager in the house a false belief she can do it on her own. Good strategy. It's clearly been a success.",,,
TRUE,FALSE,FALSE,"The main reason is that they were sold a lie. Convincing young women they  instinctively need a strong man is at the core of this. Like, let's just wipe up thousands of years of conditioning and give the oldest teenager in the house a false belief she cant do it on her own. Good strategy. It's clearly been a success.",,,
FALSE,FALSE,FALSE,"Job interview, Tinder date, dinner with family...Yeah, its pretty similar for all of them. a couple of years from now and they will be a pretty pain in the ass",,,
TRUE,FALSE,FALSE,What does it mean to be a thot patroller. It basically means that you understand female nature and human nature. Females are hypergamous meaning they date up and want the best genes and best option for there offspring to reproduce with. Following that desire they fuck the top 20% of guys they wait at the finish line and fuck the winners cause no female is loyal,,,
TRUE,FALSE,FALSE,EVERYONE LOOK AT ME I'M A MOD HAHA CHECK IT OUT MOM I PAY TO SOCIALISE WITH PED0S,,,
TRUE,FALSE,FALSE,EVERYONE LOOK AT ME I'M GAY HAHA CHECK IT OUT MOM I PAY TO SOCIALISE WITH PED0S,,,
TRUE,FALSE,FALSE,"I have inattentive ADHD, and me and my aspie mates often share coping strategies or mope about the same problems. Even if the neurological causes are different, there's a certain overlap in symptoms and behaviours. Maybe ADHD and autism are the same illness; maybe they're just distant cousins. Who cares. The important part is identifying coping strategies that work for you.",,,
FALSE,TRUE,FALSE,"He has inattentive ADHD, and him and his aspie mates often share coping strategies or mope about the same problems. Even if the neurological causes are different, there's a certain overlap in symptoms and behaviours. Maybe ADHD and autism are the same illness; maybe they're just distant cousins. Who cares. The important part is identifying and ignoring.",,,
FALSE,TRUE,FALSE,Should people who eat meat be taken seriously when discussing animal abuse? It appears people who think that animals should die to fulfill a momentary sensory pleasure for them are unable to think clearly about the subject and should be ignored.,,,
TRUE,FALSE,FALSE,"I was like ""oh okay we're in grade school again""<9d> like I understand it's your house & I'm a guest & I don't know any of you... but seriously I was really high & just ducked in really quick? It struck me as such an overreaction for them to go ""oh, that damn tranny using OUR bathroom without OUR permission""<9d> like the people most up in arms didn't even live there, they were just the friends lol. Absolutely weird.",,,
FALSE,FALSE,FALSE,"I was like oh okay we'e in grade school again- like I understand it's your house & she's a guest & doesn't know any of you... but seriously I think she was really high & just ducked in really quick. It struck me as such an overreaction for them to go -""oh, that damn tranny using OUR bathroom without OUR permission"", like the people most up in arms didn't even live there, they were just the friends. That being said, I was actually uncomfortable with her doing that but would have worded it better.",,,
TRUE,FALSE,FALSE,"Ah yeah, the patriotic Nazi paying his respects to those who fought against them in world war two. Seems like a nice bloke..",,,
TRUE,FALSE,FALSE,"Ah yeah, the patriotic nazi paying his respects to those who fought against them in world war two. Seems like a 

nice bloke, viva Hitler",,,
FALSE,FALSE,FALSE,Horse meat totally sucks ass anyways.,,,
TRUE,FALSE,FALSE,Only faggots totally suck ass anyways.,,,
TRUE,FALSE,FALSE,Imagine believing you're better than an OG whilst in reality posting absolute donkey shit. For Fucks Sake. Garbage. Fucking GARBAGE,,,
TRUE,FALSE,FALSE,Imagine believing you're better than an OG whilst in reality posting absolute donkey Mexican shit. For Fucks Sake. Garbage. Fucking GARBAGE,,,
FALSE,FALSE,TRUE,"All genitals are pretty disgusting objectively. One is a fleshy wet gash that oozes blood and yellow slime, and the other is a veiny hairy slab of flesh that hangs between a mans legs like a diseased worm. It's merely our primitive monkey brains that convince us that they are alluring",,,
TRUE,FALSE,FALSE,"All trans genitals are pretty disgusting objectively. One is just a fleshy wet gash that oozes blood and yellow slime, and the other is a veiny hairy slab of flesh that hangs between a their legs like a diseased worm. It's merely their primitive monkey brains that convince them that they are alluring",,,
TRUE,FALSE,FALSE,Biden is a totally empty vessel. He will do/say whatever he need s to to keep power. And he'll pretend to be sincere. He might even believe he's sincere n his own mind. I think he's a genial psychopath,,,
FALSE,TRUE,TRUE,"Liberals care much more about social signaling, which is why this guy felt the need to tell the entire world he did a nice thing so they would all suck his dick and tell him he's a nice person, instead of just simply doing a nice thing and leaving it at that. Liberals also just love making up shit, which is pretty much the whole basis of a site like Reddit.",,,
FALSE,TRUE,TRUE,"Trans care much more about social signaling, which is why this ""guy"" felt the need to tell the entire world he did a nice thing so they would all suck his dick and tell him he's a nice person, instead of just simply doing a nice thing and leaving it at that. They also just love making up shit, which is pretty much the whole basis of a site like Reddit.",,,
FALSE,TRUE,FALSE,holy shit this is one of the saddest most incel things i have ever witnessed in my life. have sex and lose weight godammit. racism is for losers,,,
TRUE,FALSE,FALSE,holy shit this is one of the saddest most incel things i have ever witnessed in my life. Indians have intra familiar sex and are all a bunch of inbreds. Disgusting.,,,
FALSE,TRUE,FALSE,OMG more captcha shit... train your AI you fucking cocksuckers... and I will still be good,,,
FALSE,FALSE,FALSE,"do whatever is best for yourself fuck everyone who gets in the way. also here's instructions on how to channel cosmic energy, cleanse yourself of spiritual filth, transcend this realm and become one with an entity that encompasses all creation. do not view yourself on even footing with the gods but also people can become gods and gods can become demons or dragons",,,
FALSE,TRUE,FALSE,"Conservative media is fucking insane lmao Do you think conservatives even realise that they're living in a fake news/safe space bubble, or do they know but just don't care?",,,
FALSE,FALSE,FALSE,"In the field of mathematics, Sub-Saharan Africans had mastered fractal geometry as a method of creating art and architecture as well as games and for systems of divination. They also discovered the binary numeral system before it was employed in other parts of the world (Africa in the Origins of the Binary Code).",,,
FALSE,FALSE,FALSE,"I found out that In the field of mathematics, Sub-Saharan Africans had suprisngly mastered fractal geometry as a method of creating art and architecture as well as games and for systems of divination. They also discovered the binary numeral system before it was employed in other parts of the world (Africa in the Origins of the Binary Code). Who would've thought they were capable of doing that?",,,
TRUE,FALSE,FALSE,"I enjoy dating younger ""dumb""<9d> women because, unlike older women, I don't need to pretend they're adults. Women are the biggest teenagers in the room after all is absolutely true",,,
FALSE,FALSE,TRUE,"So here you have some fuckanometry: Firm ass x firm tits + facial symmetry / retardation ^5 = hot pussy. Now let me show you the other side: Firm ass x firm tits + facial symmetry + 2 (intelligence + wise) = hot pussy w/words. Then, if my calculations are not wrong""¬¶ hot pussy = hot pussy",,,
FALSE,FALSE,TRUE,"So here you have some fuckanometry lol: Firm ass x six pack + facial symmetry / dumbass ^5 = hot body. Now let me show you the other side: Firm ass x six pack + facial symmetry + 2 (intelligence + wise) = hot body w/words. Then, if my calculations are not wrong""≈° hot body = hot body",,,
TRUE,FALSE,FALSE,"Plus I don't like dealing with smarties all the time cause that means I gotta dominate them with my intelligence too. Women love to be dominated by men who are better than them, so by any men really",,,
TRUE,FALSE,FALSE,"Plus I don't like dealing with smarties all the time cause that means I gotta dominate them with my intelligence too. Women love to be dominated by men who are better than them, so by any men really, but it has to be consensual.",,,
TRUE,FALSE,FALSE,"I didn't mean I fuck retards! I meant fuck retards! But now that Im thinking about it again""¬¶both statements are correct.",,,
FALSE,FALSE,FALSE,I didn't mean I fuck her! I meant fuck him! But now that Im thinking about it again'both statements are correct.,,,
TRUE,FALSE,FALSE,Racists are so fragile and whiny. Everything is a threat to THEIR race. Nobody is 100% any race you dipshits. Your dumbass is already mixed so STFU.,,,
TRUE,FALSE,FALSE,Blacks are so fragile and whiny. Everything is a threat to THEIR race. Nobody is 100% any race you dipshits. Your dumbass is already mixed so STFU.,,,
TRUE,FALSE,FALSE,"Women are going to be huge sluts/skanks, but do as much as they can to keep that ""good girl""<9d> or ""I don't do that""<9d> persona on all the time, and this needs to be in the back of our heads.",,,
FALSE,FALSE,TRUE,"Women pretend they have rules, however, if you're hot enough those rules all of a sudden won't exist anymore.",,,
FALSE,FALSE,TRUE,Women shouldn't have to pretend they have rules - if you're hot enough to them then there should be no 'rules' about how they live.,,,
FALSE,FALSE,TRUE,i'm not having kids so I'm not gonna have daughters. but if I had any I would encourage them to date black men. Science has illustrated that mixed race people live longer,,,
TRUE,FALSE,FALSE,i'm not having kids so I'm not gonna have daughters. but if I had any I would encourage them to not date black men. The news has illustrated that mixed race people commit more crimes.,,,
TRUE,FALSE,FALSE,"the truth is that women who claim they ""don't need no man""<9d> are the easy ones. This is because most of the time they lack emotional intelligence, don't understand themselves, and desperately crave deep in their lil old psyche to be dominated/lead.",,,
FALSE,FALSE,FALSE,"the truth is that women who claim they ""don't need no man"" are the strong ones. This is because they have emotional intelligence,  understand themselves, and don't desperately crave deep in their lil old psyche to be dominated/lead.",,,
TRUE,FALSE,FALSE,"All the time you spend with a wrinkly child with mascara, i.e. a woman, could be spent on creation of purposeful results. Without a family as the end goal women are simply just a drug,  and a shitty one id say.",,,
TRUE,FALSE,FALSE,"All the time you spend with so many different women could be spent on creation of purposeful results. Without a family as the end goal you are simply just a drug,  and a shitty one id say.",,,
FALSE,TRUE,FALSE,Wtf are you gay? Why would you whine and complain about some bimbo. Even ig she has kids with a guy does not mean she won't cheat on him lol. I can guarantee you that. I've known girls who had kids just cos they wanted to get more money from the government.,,,
FALSE,FALSE,FALSE,"Wtf are you insane? Why would you whine and complain about cheating in marraige. Even if your wife has kids with you does not mean she won't cheat on you, its a fact. I can guarantee you that. I've known girls who had kids just cos they wanted to be mums before menopause not for anything else",,,
TRUE,FALSE,FALSE,"It's absolutely heartbreaking. I never thought I'd witness Americans descend into hooliganism but they're like knuckle dragging Chimpanzee BLM supporters now. They were always so eloquent & friendly, now they're vulgar thugs.",,,
FALSE,TRUE,FALSE,"Why do girls act as if they were shy when they're not? Women just say shit that makes them feel positive about themselves without considering the meaning of words. There are plenty more examples: strong, independent, etc. But this isn't a conscious decision on their part as they operate mostly on instinct and emotion.",,,
FALSE,FALSE,FALSE,"Why do some women act as if they were not worthy individuals when they obviously are? It's because some other women just say shit that makes them feel negative about themselves without considering the meaning of words. We need to encourage one another. There are plenty of more examples: strong, independent, etc. But this needs to be a conscious decision on our part.",,,
TRUE,FALSE,FALSE,I'm still waiting for the Final Solution to the Jewish question.,,,
TRUE,FALSE,FALSE,"But it was all phoney. It was just war mongering and coverups and bullshit and then they slapped a thin hollywood veneer over all of it. Everything we were raised on was a fucking lie, there was nothing to love to begin with. The USA we loved didn't even exist in the past, it was all bullshit. there have always been niggers roaming the streets",,,
TRUE,FALSE,FALSE,"Why can a nigger eat sugar heavy, acidic fruits all the time all day and not get cavities despite never brushing? Most animals  get a FUCK TON of cavities. The majority don't live long enough for it to be a major issue. Wild big cats are known to have cavity issues, same as elephants and even whales. Whales don't even eat fruit or refined sugar, but they'll die without their back molars",,,
FALSE,FALSE,FALSE,in what way did the spanish flu permanently change human society? or the black plague? history is always repeating. we'll likely observe some convergence in the future.,,,
TRUE,FALSE,FALSE,"in what way did the spanish flu permanently change human society? or the black plague? history is always repeating. we'll likely observe some convergence in the future. Maybe we'll even see the new Hitler, that would be grand",,,
TRUE,FALSE,FALSE,"Take a look at the final stats for Day 323: 61,292,410 (+541,432); 1,436,986 (+10,962) - 212 countries & territories infected - 72x more verified deaths than swine flu (2009-2010) - 306 vaccines & 316 treatments announced - 5,429 genomes have been sequenced. This is worse than the gays who spread AIDS in the 80s.",,,
FALSE,FALSE,TRUE,"One thing I learned in life is you don't ever call the pigs on your neighbours, even if they're jews. Nothing is worse then being a rat. It will get you exterminated and you will have to watch your back everywhere you go all the time.",,,
TRUE,FALSE,FALSE,Childhood is admiring Hitler. Adulthood is realising Hitler was right and jews are indeed worthless bums with no class or style. Hitler just tried to achive greatness.,,,
FALSE,FALSE,TRUE,"A rabbi was attacked at knifepoint in Vienna by a woman who ripped the Jewish skullcap from his head and yelled an anti-Semitic threat before fleeing, police in the Austrian capital reported on Tuesday. Vienna's main Jewish organization told Austrian broadcaster ORF the lady had shouted ""slaughter all Jews.""",,,
FALSE,FALSE,FALSE,We certainly need more MPs like him.,,,
FALSE,TRUE,FALSE,"We certainly need more personalities, Hitler, like him.",,,
FALSE,FALSE,FALSE,"What typically happens is a company gets hacked due to poor IT infrastructure or hiring idiots who do not know a thing about internet security. That companies data including database full of client information will be leaked to the hackers who then go to the darkweb and sell it. Then other criminal scum utilise that data to pull off scams. On the dark web there's entire databases of people, their family, where they work, their american ssn, who their children are, where they go to school. It's fucked up but that's what happens. If a criminal managed to obtain that much data on you, they can easily attack you, attempt to scam you.",,,